ticker,asset_name,asset_class,exchange,cost,current price,quantity,pnl,currency,sector
AVDL,Avadel,Equity,USA,17.0,nan,30.0,nan,USD,TODO
CVS,CVS,Equity,USA,74.89,86.27999877929688,12.0,136.6799853515625,USD,TODO
RPRX,Royalty Pharma,Equity,USA,27.56,57.220001220703125,18.0,533.8800219726563,USD,TODO
TMO,Thermo Fisher,Equity,USA,571.45,654.47998046875,2.0,166.0599609374999,USD,TODO
UNH,UnitedHealth,Equity,USA,444.12,369.6199951171875,5.0,-372.5000244140625,USD,TODO
ABBV,AbbVie,Equity,USA,80.26,262.3800048828125,19.0,3460.280092773438,USD,TODO
BLCO,Bausch + Lomb,Equity,USA,16.91,17.114999771118164,50.0,10.249988555908196,USD,TODO
BMY,Bristol-Myers Squibb,Equity,USA,60.79,60.709999084472656,25.0,-2.0000228881835724,USD,TODO
CI,Cigna,Equity,USA,319.29,268.239990234375,6.0,-306.3000585937501,USD,TODO
JNJ,Johnson & Johnson,Equity,USA,135.79,255.3699951171875,20.0,2391.5999023437503,USD,TODO
MRK,Merck,Equity,USA,76.94,143.4600067138672,27.0,1796.0401812744142,USD,TODO
NVS,Novartis,Equity,USA,75.66,140.38999938964844,17.0,1100.4099896240234,USD,TODO
PFE,Pfizer,Equity,USA,39.92,27.540000915527344,61.0,-755.1799441528321,USD,TODO
REGN,Regeneron,Equity,USA,575.24,736.364990234375,3.0,483.374970703125,USD,TODO
SDZ.SW,Sandoz,Equity,SW,20.87,82.52537432491455,3.0,184.96612297474366,USD,TODO
NBIX,Neurocrine,Equity,USA,123.02,142.4949951171875,8.0,155.79996093750003,USD,TODO
VRTX,Vertex,Equity,USA,211.09,503.7250061035156,8.0,2341.0800488281247,USD,TODO
ABT,Abbott,Equity,USA,94.32,97.3499984741211,33.0,99.98994964599632,USD,TODO
A,Agilent,Equity,USA,142.97,167.78500366210938,10.0,248.15003662109376,USD,TODO
DHR,Danaher,Equity,USA,206.36,215.55499267578125,5.0,45.97496337890604,USD,TODO
ISRG,Intuitive Surgical,Equity,USA,184.54,393.239990234375,8.0,1669.599921875,USD,TODO
MCK,McKesson,Equity,USA,453.01,887.5750122070312,6.0,2607.3900732421876,USD,TODO
MDT,Medtronic,Equity,USA,113.04,86.36000061035156,20.0,-533.5999877929689,USD,TODO
VLTO,Veralto,Equity,USA,82.04,94.81500244140625,1.0,12.775002441406244,USD,TODO
LNTH,Lantheus,Equity,USA,116.86,99.97000122070312,9.0,-152.00998901367188,USD,TODO
RMD,Resmed,Equity,USA,235.55,219.30999755859375,5.0,-81.2000122070313,USD,TODO
AMLX,Amylyx,Equity,USA,25.05,27.799999237060547,22.0,60.499983215332016,USD,TODO
AXSM,Axsome,Equity,USA,49.56,177.6300048828125,30.0,3842.100146484375,USD,TODO
MDGL,Madrigal,Equity,USA,127.46,494.1700134277344,11.0,4033.810147705078,USD,TODO
KRYS,Krystal Biotech,Equity,USA,188.12,322.2699890136719,5.0,670.7499450683594,USD,TODO
,Cash,,,,2375.719999999993,,,,
