date,ticker,close,volume
2024-11-04,AAPL,220.98153686523438,44944500
2024-11-05,AAPL,222.41488647460938,28111300
2024-11-06,AAPL,221.68826293945312,54561100
2024-11-07,AAPL,226.42620849609375,42137700
2024-11-08,AAPL,226.15716552734375,38328800
2024-11-11,AAPL,223.43682861328125,42005600
2024-11-12,AAPL,223.43682861328125,40398300
2024-11-13,AAPL,224.32366943359375,48566200
2024-11-14,AAPL,227.41270446777344,44923900
2024-11-15,AAPL,224.20408630371094,47923700
2024-11-18,AAPL,227.21340942382812,44633700
2024-11-19,AAPL,227.4724884033203,36211800
2024-11-20,AAPL,228.18994140625,35169600
2024-11-21,AAPL,227.71163940429688,42108300
2024-11-22,AAPL,229.05686950683594,38168300
2024-11-25,AAPL,232.04624938964844,90152800
2024-11-26,AAPL,234.22850036621094,45986200
2024-11-27,AAPL,234.09896850585938,33498400
2024-11-29,AAPL,236.490478515625,28481400
2024-12-02,AAPL,238.7424774169922,48137100
2024-12-03,AAPL,241.79165649414062,38861000
2024-12-04,AAPL,242.15037536621094,44383900
2024-12-05,AAPL,242.18028259277344,40033900
2024-12-06,AAPL,241.98098754882812,36870600
2024-12-09,AAPL,245.8771514892578,44649200
2024-12-10,AAPL,246.8935546875,36914800
2024-12-11,AAPL,245.61807250976562,45205800
2024-12-12,AAPL,247.08290100097656,32777500
2024-12-13,AAPL,247.2522735595703,33155300
2024-12-16,AAPL,250.1519775390625,51694800
2024-12-17,AAPL,252.58334350585938,51356400
2024-12-18,AAPL,247.1725616455078,56774100
2024-12-19,AAPL,248.90640258789062,60882300
2024-12-20,AAPL,253.58978271484375,147495300
2024-12-23,AAPL,254.36703491210938,40858800
2024-12-24,AAPL,257.2866516113281,23234700
2024-12-26,AAPL,258.1037292480469,27237100
2024-12-27,AAPL,254.68588256835938,42355300
2024-12-30,AAPL,251.30787658691406,35557500
2024-12-31,AAPL,249.5341796875,39480700
2025-01-02,AAPL,242.9874267578125,55740700
2025-01-03,AAPL,242.4991455078125,40244100
2025-01-06,AAPL,244.1333465576172,45045600
2025-01-07,AAPL,241.3532257080078,40856000
2025-01-08,AAPL,241.8414764404297,37628900
2025-01-10,AAPL,236.01217651367188,61710900
2025-01-13,AAPL,233.5708465576172,49630700
2025-01-14,AAPL,232.45480346679688,39435300
2025-01-15,AAPL,237.028564453125,39832000
2025-01-16,AAPL,227.45257568359375,71759100
2025-01-17,AAPL,229.16647338867188,68488300
2025-01-21,AAPL,221.85244750976562,98070400
2025-01-22,AAPL,223.03822326660156,64126500
2025-01-23,AAPL,222.8688507080078,60234800
2025-01-24,AAPL,221.991943359375,54697900
2025-01-27,AAPL,229.04690551757812,94863400
2025-01-28,AAPL,237.41717529296875,75707600
2025-01-29,AAPL,238.5133056640625,45486100
2025-01-30,AAPL,236.7495574951172,55658300
2025-01-31,AAPL,235.16519165039062,100959800
2025-02-03,AAPL,227.2034454345703,73063300
2025-02-04,AAPL,231.9765167236328,45067300
2025-02-05,AAPL,231.64767456054688,39620300
2025-02-06,AAPL,232.39501953125,29925300
2025-02-07,AAPL,226.82479858398438,39707200
2025-02-10,AAPL,227.0941162109375,33115600
2025-02-11,AAPL,232.05198669433594,53718400
2025-02-12,AAPL,236.29161071777344,45243300
2025-02-13,AAPL,240.9402313232422,53614100
2025-02-14,AAPL,244.00274658203125,40896200
2025-02-18,AAPL,243.87306213378906,48822500
2025-02-19,AAPL,244.27207946777344,32204200
2025-02-20,AAPL,245.22975158691406,32316900
2025-02-21,AAPL,244.95042419433594,53197400
2025-02-24,AAPL,246.49664306640625,51326400
2025-02-25,AAPL,246.43678283691406,48013300
2025-02-26,AAPL,239.77310180664062,44433600
2025-02-27,AAPL,236.72056579589844,41153600
2025-02-28,AAPL,241.24948120117188,56833400
2025-03-03,AAPL,237.4487762451172,47184000
2025-03-04,AAPL,235.35391235351562,53798100
2025-03-05,AAPL,235.1643829345703,47227600
2025-03-06,AAPL,234.75538635253906,45170400
2025-03-07,AAPL,238.4862518310547,46273600
2025-03-10,AAPL,226.92454528808594,72071200
2025-03-11,AAPL,220.30075073242188,76137400
2025-03-12,AAPL,216.45018005371094,62547500
2025-03-13,AAPL,209.16799926757812,61368300
2025-03-14,AAPL,212.9687042236328,60107600
2025-03-17,AAPL,213.4774627685547,48073400
2025-03-18,AAPL,212.17066955566406,42432400
2025-03-19,AAPL,214.7144317626953,54385400
2025-03-20,AAPL,213.5772247314453,48862900
2025-03-21,AAPL,217.73704528808594,94127800
2025-03-24,AAPL,220.19102478027344,44299500
2025-03-25,AAPL,223.2036590576172,34493600
2025-03-26,AAPL,220.98907470703125,34466100
2025-03-27,AAPL,223.3034210205078,37094800
2025-03-28,AAPL,217.36793518066406,39818600
2025-03-31,AAPL,221.58761596679688,65299300
2025-04-01,AAPL,222.64503479003906,36412700
2025-04-02,AAPL,223.34332275390625,35905900
2025-04-03,AAPL,202.69384765625,103419000
2025-04-04,AAPL,187.92002868652344,125910900
2025-04-07,AAPL,181.0169219970703,160466300
2025-04-08,AAPL,171.9989776611328,120859500
2025-04-09,AAPL,198.3644561767578,184395900
2025-04-10,AAPL,189.9550323486328,121880000
2025-04-11,AAPL,197.66615295410156,87435900
2025-04-14,AAPL,202.02549743652344,101352900
2025-04-15,AAPL,201.6464080810547,51343900
2025-04-16,AAPL,193.79563903808594,59732400
2025-04-17,AAPL,196.4990234375,52164700
2025-04-21,AAPL,192.6883544921875,46742500
2025-04-22,AAPL,199.25228881835938,52976400
2025-04-23,AAPL,204.1004180908203,52929200
2025-04-24,AAPL,207.8612060546875,47311000
2025-04-25,AAPL,208.76898193359375,38222300
2025-04-28,AAPL,209.62689208984375,38743100
2025-04-29,AAPL,210.6942901611328,36827600
2025-04-30,AAPL,211.9811248779297,52286500
2025-05-01,AAPL,212.79913330078125,57365700
2025-05-02,AAPL,204.8485870361328,101010600
2025-05-05,AAPL,198.40435791015625,69018500
2025-05-06,AAPL,198.02528381347656,51216500
2025-05-07,AAPL,195.7707977294922,68536700
2025-05-08,AAPL,197.00778198242188,50478900
2025-05-09,AAPL,198.0452423095703,36453900
2025-05-12,AAPL,210.55104064941406,63775800
2025-05-13,AAPL,212.68861389160156,51909300
2025-05-14,AAPL,212.08929443359375,49325800
2025-05-15,AAPL,211.21029663085938,45029500
2025-05-16,AAPL,211.0205078125,54737900
2025-05-19,AAPL,208.54331970214844,46140500
2025-05-20,AAPL,206.62550354003906,42496600
2025-05-21,AAPL,201.86090087890625,59211800
2025-05-22,AAPL,201.13172912597656,46742400
2025-05-23,AAPL,195.04864501953125,78432900
2025-05-27,AAPL,199.98304748535156,56288500
2025-05-28,AAPL,200.1927947998047,45339700
2025-05-29,AAPL,199.72332763671875,51396800
2025-05-30,AAPL,200.622314453125,70819900
2025-06-02,AAPL,201.47134399414062,35423300
2025-06-03,AAPL,203.03956604003906,46381600
2025-06-04,AAPL,202.590087890625,43604000
2025-06-05,AAPL,200.40257263183594,55126100
2025-06-06,AAPL,203.68882751464844,46607700
2025-06-09,AAPL,201.2216339111328,72862600
2025-06-10,AAPL,202.44024658203125,54672600
2025-06-11,AAPL,198.55465698242188,60989900
2025-06-12,AAPL,198.97418212890625,43904600
2025-06-13,AAPL,196.227294921875,51447300
2025-06-16,AAPL,198.195068359375,43020700
2025-06-17,AAPL,195.418212890625,38856200
2025-06-18,AAPL,196.35714721679688,45394700
2025-06-20,AAPL,200.7721405029297,96813500
2025-06-23,AAPL,201.27157592773438,55814300
2025-06-24,AAPL,200.07293701171875,54064000
2025-06-25,AAPL,201.33151245117188,39525700
2025-06-26,AAPL,200.7721405029297,50799100
2025-06-27,AAPL,200.85205078125,73188600
2025-06-30,AAPL,204.93740844726562,91912800
2025-07-01,AAPL,207.58441162109375,78788900
2025-07-02,AAPL,212.1991729736328,67941800
2025-07-03,AAPL,213.30792236328125,34955800
2025-07-07,AAPL,209.7119903564453,50229000
2025-07-08,AAPL,209.7719268798828,42848900
2025-07-09,AAPL,210.90065002441406,48749400
2025-07-10,AAPL,212.16920471191406,44443600
2025-07-11,AAPL,210.92062377929688,39765800
2025-07-14,AAPL,208.3834991455078,38840100
2025-07-15,AAPL,208.87295532226562,42296300
2025-07-16,AAPL,209.92176818847656,47490500
2025-07-17,AAPL,209.78192138671875,48068100
2025-07-18,AAPL,210.9405975341797,48974600
2025-07-21,AAPL,212.23912048339844,51377400
2025-07-22,AAPL,214.15695190429688,46404100
2025-07-23,AAPL,213.9072265625,46989300
2025-07-24,AAPL,213.51766967773438,46022600
2025-07-25,AAPL,213.63754272460938,40268800
2025-07-28,AAPL,213.80735778808594,37858000
2025-07-29,AAPL,211.03050231933594,51411700
2025-07-30,AAPL,208.81301879882812,45512500
2025-07-31,AAPL,207.33470153808594,80698400
2025-08-01,AAPL,202.1505889892578,104434500
2025-08-04,AAPL,203.11949157714844,75109300
2025-08-05,AAPL,202.68995666503906,44155100
2025-08-06,AAPL,213.0082550048828,108483100
2025-08-07,AAPL,219.7805633544922,90224800
2025-08-08,AAPL,229.0900115966797,113854000
2025-08-11,AAPL,227.17999267578125,61806100
2025-08-12,AAPL,229.64999389648438,55626200
2025-08-13,AAPL,233.3300018310547,69878500
2025-08-14,AAPL,232.77999877929688,51916300
2025-08-15,AAPL,231.58999633789062,56038700
2025-08-18,AAPL,230.88999938964844,37476200
2025-08-19,AAPL,230.55999755859375,39402600
2025-08-20,AAPL,226.00999450683594,42263900
2025-08-21,AAPL,224.89999389648438,30621200
2025-08-22,AAPL,227.75999450683594,42477800
2025-08-25,AAPL,227.16000366210938,30983100
2025-08-26,AAPL,229.30999755859375,54575100
2025-08-27,AAPL,230.49000549316406,31259500
2025-08-28,AAPL,232.55999755859375,38074700
2025-08-29,AAPL,232.13999938964844,39418400
2025-09-02,AAPL,229.72000122070312,44075600
2025-09-03,AAPL,238.47000122070312,66427800
2025-09-04,AAPL,239.77999877929688,47549400
2025-09-05,AAPL,239.69000244140625,54870400
2025-09-08,AAPL,237.8800048828125,48999500
2025-09-09,AAPL,234.35000610351562,66313900
2025-09-10,AAPL,226.7899932861328,83440800
2025-09-11,AAPL,230.02999877929688,50208600
2025-09-12,AAPL,234.07000732421875,55824200
2025-09-15,AAPL,236.6999969482422,42699500
2025-09-16,AAPL,238.14999389648438,63421100
2025-09-17,AAPL,238.99000549316406,46508000
2025-09-18,AAPL,237.8800048828125,44249600
2025-09-19,AAPL,245.5,163741300
2025-09-22,AAPL,256.0799865722656,105517400
2025-09-23,AAPL,254.42999267578125,60275200
2025-09-24,AAPL,252.30999755859375,42303700
2025-09-25,AAPL,256.8699951171875,55202100
2025-09-26,AAPL,255.4600067138672,46076300
2025-09-29,AAPL,254.42999267578125,40127700
2025-09-30,AAPL,254.6300048828125,37704300
2025-10-01,AAPL,255.4499969482422,48713900
2025-10-02,AAPL,257.1300048828125,42630200
2025-10-03,AAPL,258.0199890136719,49155600
2025-10-06,AAPL,256.69000244140625,44664100
2025-10-07,AAPL,256.4800109863281,31955800
2025-10-08,AAPL,258.05999755859375,36496900
2025-10-09,AAPL,254.0399932861328,38322000
2025-10-10,AAPL,245.27000427246094,61999100
2025-10-13,AAPL,247.66000366210938,38142900
2025-10-14,AAPL,247.77000427246094,35478000
2025-10-15,AAPL,249.33999633789062,33893600
2025-10-16,AAPL,247.4499969482422,39777000
2025-10-17,AAPL,252.2899932861328,49147000
2025-10-20,AAPL,262.239990234375,90483000
2025-10-21,AAPL,262.7699890136719,46695900
2025-10-22,AAPL,258.45001220703125,45015300
2025-10-23,AAPL,259.5799865722656,32754900
2025-10-24,AAPL,262.82000732421875,38253700
2025-10-27,AAPL,268.80999755859375,44888200
2025-10-28,AAPL,269.0,41534800
2025-10-29,AAPL,269.70001220703125,51086700
2025-10-30,AAPL,271.3999938964844,69886500
2025-10-31,AAPL,270.3699951171875,86167100
2024-11-04,MSFT,405.41632080078125,19672300
2024-11-05,MSFT,408.39398193359375,17626000
2024-11-06,MSFT,417.0489807128906,26681800
2024-11-07,MSFT,422.2598571777344,19901800
2024-11-08,MSFT,419.39141845703125,16891400
2024-11-11,MSFT,414.89520263671875,24503300
2024-11-12,MSFT,419.87774658203125,19401200
2024-11-13,MSFT,422.0316162109375,21502200
2024-11-14,MSFT,423.7090148925781,30246900
2024-11-15,MSFT,411.9075927734375,28247600
2024-11-18,MSFT,412.6619567871094,24727000
2024-11-19,MSFT,414.67681884765625,18133500
2024-11-20,MSFT,412.3939208984375,19191700
2024-11-21,MSFT,410.61370849609375,20780200
2024-11-22,MSFT,414.72113037109375,24814600
2024-11-25,MSFT,416.5013732910156,27691100
2024-11-26,MSFT,425.6510925292969,23458900
2024-11-27,MSFT,420.6784362792969,18332400
2024-11-29,MSFT,421.1458435058594,16271900
2024-12-02,MSFT,428.6247863769531,20207200
2024-12-03,MSFT,428.84356689453125,18302000
2024-12-04,MSFT,435.0295715332031,26009400
2024-12-05,MSFT,440.2011413574219,21697800
2024-12-06,MSFT,441.1459655761719,18821000
2024-12-09,MSFT,443.5825500488281,19144400
2024-12-10,MSFT,440.9072570800781,18469500
2024-12-11,MSFT,446.5363464355469,19200200
2024-12-12,MSFT,447.10321044921875,20834800
2024-12-13,MSFT,444.8257141113281,20177800
2024-12-16,MSFT,449.1221008300781,23598800
2024-12-17,MSFT,451.9764099121094,22733500
2024-12-18,MSFT,434.999755859375,24444500
2024-12-19,MSFT,434.6416931152344,22963700
2024-12-20,MSFT,434.2140808105469,64263700
2024-12-23,MSFT,432.8714294433594,19152500
2024-12-24,MSFT,436.9291076660156,7164500
2024-12-26,MSFT,435.7157897949219,8194200
2024-12-27,MSFT,428.1772155761719,18117700
2024-12-30,MSFT,422.50836181640625,13158700
2024-12-31,MSFT,419.1965637207031,13246500
2025-01-02,MSFT,416.2925109863281,16896500
2025-01-03,MSFT,421.03643798828125,16662900
2025-01-06,MSFT,425.5118713378906,20573600
2025-01-07,MSFT,420.0617980957031,18139100
2025-01-08,MSFT,422.23980712890625,15054600
2025-01-10,MSFT,416.6604919433594,20201100
2025-01-13,MSFT,414.9101257324219,17604800
2025-01-14,MSFT,413.3984375,16935900
2025-01-15,MSFT,423.9802551269531,19637800
2025-01-16,MSFT,422.25970458984375,15300000
2025-01-17,MSFT,426.6853942871094,26197500
2025-01-21,MSFT,426.1583251953125,26085700
2025-01-22,MSFT,443.7615966796875,27803800
2025-01-23,MSFT,444.2687683105469,18389300
2025-01-24,MSFT,441.63330078125,15549500
2025-01-27,MSFT,432.1851806640625,35647800
2025-01-28,MSFT,444.7561340332031,23491700
2025-01-29,MSFT,439.9126892089844,23581400
2025-01-30,MSFT,412.7221374511719,54586300
2025-01-31,MSFT,412.791748046875,34161900
2025-02-03,MSFT,408.6744384765625,25679100
2025-02-04,MSFT,410.116455078125,20532100
2025-02-05,MSFT,411.03143310546875,16316700
2025-02-06,MSFT,413.5475769042969,16309800
2025-02-07,MSFT,407.5107727050781,22886800
2025-02-10,MSFT,409.96728515625,20817900
2025-02-11,MSFT,409.1915588378906,18140600
2025-02-12,MSFT,406.80462646484375,19121700
2025-02-13,MSFT,408.29644775390625,23891700
2025-02-14,MSFT,406.1979675292969,22758500
2025-02-18,MSFT,407.4013671875,21423100
2025-02-19,MSFT,412.5033264160156,24114200
2025-02-20,MSFT,414.6857604980469,23508700
2025-02-21,MSFT,406.793212890625,27524800
2025-02-24,MSFT,402.59783935546875,26443700
2025-02-25,MSFT,396.51898193359375,29387400
2025-02-26,MSFT,398.3426513671875,19619000
2025-02-27,MSFT,391.16766357421875,21127400
2025-02-28,MSFT,395.6121520996094,32845700
2025-03-03,MSFT,387.14166259765625,23007700
2025-03-04,MSFT,387.26123046875,29342900
2025-03-05,MSFT,399.628173828125,23433100
2025-03-06,MSFT,395.5125427246094,23304600
2025-03-07,MSFT,391.9449462890625,22034100
2025-03-10,MSFT,378.8406066894531,32840100
2025-03-11,MSFT,379.12957763671875,30380200
2025-03-12,MSFT,381.9397888183594,24253600
2025-03-13,MSFT,377.45538330078125,20473000
2025-03-14,MSFT,387.21142578125,19952800
2025-03-17,MSFT,387.3509521484375,22474300
2025-03-18,MSFT,382.18890380859375,19486900
2025-03-19,MSFT,386.4740295410156,19185500
2025-03-20,MSFT,385.49737548828125,18470500
2025-03-21,MSFT,389.9020690917969,39675900
2025-03-24,MSFT,391.7157287597656,21004500
2025-03-25,MSFT,393.7885437011719,15775000
2025-03-26,MSFT,388.6165466308594,16108400
2025-03-27,MSFT,389.2243957519531,13766800
2025-03-28,MSFT,377.48529052734375,21632000
2025-03-31,MSFT,374.087158203125,35184700
2025-04-01,MSFT,380.8635559082031,19689500
2025-04-02,MSFT,380.813720703125,16092600
2025-04-03,MSFT,371.8150329589844,30198000
2025-04-04,MSFT,358.59112548828125,49209900
2025-04-07,MSFT,356.61798095703125,50425000
2025-04-08,MSFT,353.3294372558594,35868900
2025-04-09,MSFT,389.13470458984375,50199700
2025-04-10,MSFT,380.0264587402344,38024400
2025-04-11,MSFT,387.1018371582031,23839200
2025-04-14,MSFT,386.4640197753906,19251200
2025-04-15,MSFT,384.3912658691406,17199900
2025-04-16,MSFT,370.32025146484375,21967800
2025-04-17,MSFT,366.5035400390625,21120200
2025-04-21,MSFT,357.87359619140625,20807300
2025-04-22,MSFT,365.5469055175781,19485000
2025-04-23,MSFT,373.0906066894531,20545500
2025-04-24,MSFT,385.9557800292969,22232300
2025-04-25,MSFT,390.4900207519531,18973200
2025-04-28,MSFT,389.8023986816406,16579400
2025-04-29,MSFT,392.67242431640625,14974000
2025-04-30,MSFT,393.88818359375,36461100
2025-05-01,MSFT,423.9235534667969,58938100
2025-05-02,MSFT,433.769287109375,30757400
2025-05-05,MSFT,434.65618896484375,20136100
2025-05-06,MSFT,431.8061218261719,15104200
2025-05-07,MSFT,431.8459777832031,23295300
2025-05-08,MSFT,436.6492614746094,23491300
2025-05-09,MSFT,437.20733642578125,15324200
2025-05-12,MSFT,447.70074462890625,22821900
2025-05-13,MSFT,447.5812072753906,23618800
2025-05-14,MSFT,451.36798095703125,19902800
2025-05-15,MSFT,452.3863220214844,21992300
2025-05-16,MSFT,453.5244445800781,23849800
2025-05-19,MSFT,458.11688232421875,21336500
2025-05-20,MSFT,457.4180603027344,15441800
2025-05-21,MSFT,451.8272399902344,19216900
2025-05-22,MSFT,454.11346435546875,18025600
2025-05-23,MSFT,449.441162109375,16883500
2025-05-27,MSFT,459.93389892578125,20974300
2025-05-28,MSFT,456.609375,17086300
2025-05-29,MSFT,457.9272155761719,13974800
2025-05-30,MSFT,459.60443115234375,34770500
2025-06-02,MSFT,461.2118225097656,16626500
2025-06-03,MSFT,462.2101745605469,15743800
2025-06-04,MSFT,463.1086730957031,14162700
2025-06-05,MSFT,466.91241455078125,20131700
2025-06-06,MSFT,469.6080017089844,15285600
2025-06-09,MSFT,471.97412109375,16469900
2025-06-10,MSFT,470.1471252441406,15375900
2025-06-11,MSFT,471.8443298339844,16399200
2025-06-12,MSFT,478.0840759277344,18950600
2025-06-13,MSFT,474.18048095703125,16814500
2025-06-16,MSFT,478.3536376953125,15626100
2025-06-17,MSFT,477.25543212890625,15414100
2025-06-18,MSFT,479.4518127441406,17526500
2025-06-20,MSFT,476.6164855957031,37576200
2025-06-23,MSFT,485.2023620605469,24864000
2025-06-24,MSFT,489.30560302734375,22305600
2025-06-25,MSFT,491.4620666503906,17495100
2025-06-26,MSFT,496.6335754394531,21578900
2025-06-27,MSFT,495.1260681152344,34539200
2025-06-30,MSFT,496.5936584472656,28369000
2025-07-01,MSFT,491.242431640625,19945400
2025-07-02,MSFT,490.2840270996094,16319600
2025-07-03,MSFT,498.02130126953125,13984800
2025-07-07,MSFT,496.90313720703125,13981600
2025-07-08,MSFT,495.804931640625,11846600
2025-07-09,MSFT,502.68365478515625,18659500
2025-07-10,MSFT,500.656982421875,16492100
2025-07-11,MSFT,502.49395751953125,16459500
2025-07-14,MSFT,502.1944274902344,12058800
2025-07-15,MSFT,504.9898376464844,14927200
2025-07-16,MSFT,504.7901611328125,15154400
2025-07-17,MSFT,510.8601989746094,17503100
2025-07-18,MSFT,509.212890625,21209700
2025-07-21,MSFT,509.2228698730469,14066800
2025-07-22,MSFT,504.44073486328125,13868600
2025-07-23,MSFT,505.0397644042969,16396600
2025-07-24,MSFT,510.0415344238281,16107000
2025-07-25,MSFT,512.866943359375,19125700
2025-07-28,MSFT,511.65887451171875,14308000
2025-07-29,MSFT,511.728759765625,16469200
2025-07-30,MSFT,512.3976440429688,26380400
2025-07-31,MSFT,532.6243896484375,51617300
2025-08-01,MSFT,523.2498168945312,28977600
2025-08-04,MSFT,534.7609252929688,25349000
2025-08-05,MSFT,526.8838500976562,19171600
2025-08-06,MSFT,524.0784912109375,21355700
2025-08-07,MSFT,519.9852294921875,16079100
2025-08-08,MSFT,521.1832275390625,15531000
2025-08-11,MSFT,520.9136962890625,20194400
2025-08-12,MSFT,528.3713989257812,18667000
2025-08-13,MSFT,519.7256469726562,19619200
2025-08-14,MSFT,521.6224975585938,20269100
2025-08-15,MSFT,519.3162841796875,25213300
2025-08-18,MSFT,516.2512817382812,23760600
2025-08-19,MSFT,508.933349609375,21481000
2025-08-20,MSFT,504.8900146484375,27723000
2025-08-21,MSFT,504.239990234375,18443300
2025-08-22,MSFT,507.2300109863281,24324200
2025-08-25,MSFT,504.260009765625,21638600
2025-08-26,MSFT,502.0400085449219,30835700
2025-08-27,MSFT,506.739990234375,17277900
2025-08-28,MSFT,509.6400146484375,18015600
2025-08-29,MSFT,506.69000244140625,20961600
2025-09-02,MSFT,505.1199951171875,18128000
2025-09-03,MSFT,505.3500061035156,16345100
2025-09-04,MSFT,507.9700012207031,15509500
2025-09-05,MSFT,495.0,31994800
2025-09-08,MSFT,498.20001220703125,16771000
2025-09-09,MSFT,498.4100036621094,14410500
2025-09-10,MSFT,500.3699951171875,21611800
2025-09-11,MSFT,501.010009765625,18881600
2025-09-12,MSFT,509.8999938964844,23624900
2025-09-15,MSFT,515.3599853515625,17143800
2025-09-16,MSFT,509.0400085449219,19711900
2025-09-17,MSFT,510.0199890136719,15816600
2025-09-18,MSFT,508.45001220703125,18913700
2025-09-19,MSFT,517.9299926757812,52474100
2025-09-22,MSFT,514.4500122070312,20009300
2025-09-23,MSFT,509.2300109863281,19799600
2025-09-24,MSFT,510.1499938964844,13533700
2025-09-25,MSFT,507.0299987792969,15786500
2025-09-26,MSFT,511.4599914550781,16213100
2025-09-29,MSFT,514.5999755859375,17617800
2025-09-30,MSFT,517.9500122070312,19728200
2025-10-01,MSFT,519.7100219726562,22632300
2025-10-02,MSFT,515.739990234375,21222900
2025-10-03,MSFT,517.3499755859375,15112300
2025-10-06,MSFT,528.5700073242188,21388600
2025-10-07,MSFT,523.97998046875,14615200
2025-10-08,MSFT,524.8499755859375,13363400
2025-10-09,MSFT,522.4000244140625,18343600
2025-10-10,MSFT,510.9599914550781,24133800
2025-10-13,MSFT,514.0499877929688,14284200
2025-10-14,MSFT,513.5700073242188,14684300
2025-10-15,MSFT,513.4299926757812,14694700
2025-10-16,MSFT,511.6099853515625,15559600
2025-10-17,MSFT,513.5800170898438,19867800
2025-10-20,MSFT,516.7899780273438,14665600
2025-10-21,MSFT,517.6599731445312,15586200
2025-10-22,MSFT,520.5399780273438,18962700
2025-10-23,MSFT,520.5599975585938,14023500
2025-10-24,MSFT,523.6099853515625,15532400
2025-10-27,MSFT,531.52001953125,18734700
2025-10-28,MSFT,542.0700073242188,29986700
2025-10-29,MSFT,541.5499877929688,36023000
2025-10-30,MSFT,525.760009765625,41023100
2025-10-31,MSFT,517.8099975585938,34006400
2024-11-04,META,558.9224853515625,12064600
2024-11-05,META,570.6356811523438,9775400
2024-11-06,META,570.2568969726562,18305400
2024-11-07,META,589.8453369140625,14653700
2024-11-08,META,587.4927368164062,9415700
2024-11-11,META,581.3419799804688,10209100
2024-11-12,META,582.9868774414062,16287700
2024-11-13,META,578.1819458007812,10757600
2024-11-14,META,575.3508911132812,11053700
2024-11-15,META,552.3432006835938,17712900
2024-11-18,META,552.6622924804688,14327300
2024-11-19,META,559.331298828125,9522400
2024-11-20,META,563.7473754882812,9797300
2024-11-21,META,561.3250122070312,11154700
2024-11-22,META,557.387451171875,9164000
2024-11-25,META,563.3386840820312,13599800
2024-11-26,META,571.7422485351562,10356600
2024-11-27,META,567.4158325195312,7200200
2024-11-29,META,572.5198364257812,7130500
2024-12-02,META,590.9718017578125,12522400
2024-12-03,META,611.7265014648438,14907200
2024-12-04,META,611.8561401367188,14697000
2024-12-05,META,607.021240234375,8081200
2024-12-06,META,621.8148193359375,16935500
2024-12-09,META,611.646728515625,11426000
2024-12-10,META,617.3787841796875,10938900
2024-12-11,META,630.6968383789062,10837200
2024-12-12,META,628.812744140625,7474700
2024-12-13,META,618.405517578125,8453300
2024-12-16,META,622.7852783203125,10885600
2024-12-17,META,617.9964599609375,12897800
2024-12-18,META,595.79833984375,17075500
2024-12-19,META,594.1820068359375,14958100
2024-12-20,META,583.8861083984375,48989400
2024-12-23,META,598.4520874023438,10205800
2024-12-24,META,606.3336791992188,4726100
2024-12-26,META,601.9439697265625,6081400
2024-12-27,META,598.4122314453125,8084200
2024-12-30,META,589.8621215820312,7025900
2024-12-31,META,584.1455078125,6019500
2025-01-02,META,597.843505859375,12682300
2025-01-03,META,603.2208862304688,11436800
2025-01-06,META,628.7313842773438,14560800
2025-01-07,META,616.4500732421875,12071500
2025-01-08,META,609.2967529296875,10085800
2025-01-10,META,614.4248046875,19256600
2025-01-13,META,606.9124145507812,10785000
2025-01-14,META,592.8651733398438,13598000
2025-01-15,META,615.681884765625,15524300
2025-01-16,META,609.8753662109375,8355300
2025-01-17,META,611.342041015625,17280600
2025-01-21,META,615.0234375,11674000
2025-01-22,META,622.0469970703125,12274000
2025-01-23,META,634.966796875,9910200
2025-01-24,META,645.9810791015625,19065300
2025-01-27,META,658.3422241210938,28399200
2025-01-28,META,672.7584838867188,20950100
2025-01-29,META,674.9135131835938,21377800
2025-01-30,META,685.3990478515625,29322900
2025-01-31,META,687.5739135742188,19303900
2025-02-03,META,695.8346557617188,21415700
2025-02-04,META,702.5489501953125,13826300
2025-02-05,META,703.2274169921875,17778200
2025-02-06,META,710.3307495117188,13080700
2025-02-07,META,712.8548583984375,16427100
2025-02-10,META,715.7281494140625,12904300
2025-02-11,META,718.12255859375,12998000
2025-02-12,META,723.6895751953125,12016500
2025-02-13,META,726.8621826171875,12569100
2025-02-14,META,734.9533081054688,16901200
2025-02-18,META,714.7005615234375,21938700
2025-02-19,META,702.1300048828125,17535500
2025-02-20,META,693.2207641601562,12587400
2025-02-21,META,681.95703125,15660400
2025-02-24,META,666.572998046875,15677000
2025-02-25,META,655.9677734375,20579700
2025-02-26,META,672.1300048828125,14488700
2025-02-27,META,656.7060546875,12500000
2025-02-28,META,666.642822265625,17534200
2025-03-03,META,653.5234375,10843800
2025-03-04,META,638.5084838867188,21495200
2025-03-05,META,654.940185546875,13770000
2025-03-06,META,626.4666137695312,13446500
2025-03-07,META,624.201904296875,21375700
2025-03-10,META,596.596435546875,21999900
2025-03-11,META,604.2985229492188,17401500
2025-03-12,META,618.1162109375,15747000
2025-03-13,META,589.2636108398438,16480300
2025-03-14,META,606.7233276367188,12364500
2025-03-17,META,604.0272827148438,15473900
2025-03-18,META,581.5197143554688,20297700
2025-03-19,META,583.2173461914062,20537500
2025-03-20,META,585.1544799804688,24336500
2025-03-21,META,595.3897094726562,25015900
2025-03-24,META,617.9570922851562,15741300
2025-03-25,META,625.4063720703125,15312500
2025-03-26,META,610.0984497070312,12609800
2025-03-27,META,601.7105712890625,10436500
2025-03-28,META,575.9078369140625,17602800
2025-03-31,META,575.5284423828125,21124700
2025-04-01,META,585.1544799804688,12836600
2025-04-02,META,583.0874633789062,13470800
2025-04-03,META,530.8529663085938,34777500
2025-04-04,META,504.00177001953125,38589800
2025-04-07,META,515.505126953125,36606100
2025-04-08,META,509.7135314941406,28034200
2025-04-09,META,584.9248657226562,39216600
2025-04-10,META,545.5018310546875,28173500
2025-04-11,META,542.7857666015625,17642300
2025-04-14,META,530.713134765625,14130900
2025-04-15,META,520.767578125,15558700
2025-04-16,META,501.58526611328125,18735100
2025-04-17,META,500.7564697265625,14593500
2025-04-21,META,483.9607238769531,16166000
2025-04-22,META,499.5581970214844,17399400
2025-04-23,META,519.5193481445312,18173900
2025-04-24,META,532.3807983398438,13910000
2025-04-25,META,546.4804077148438,17098900
2025-04-28,META,548.9468383789062,15179000
2025-04-29,META,553.6400756835938,11835000
2025-04-30,META,548.2078857421875,29244000
2025-05-01,META,571.3843994140625,31159000
2025-05-02,META,596.15869140625,24739300
2025-05-05,META,598.4053955078125,13887700
2025-05-06,META,586.462646484375,10600700
2025-05-07,META,595.9489135742188,13139100
2025-05-08,META,597.147216796875,14622800
2025-05-09,META,591.6351928710938,10427300
2025-05-12,META,638.5073852539062,21965100
2025-05-13,META,655.08349609375,18570800
2025-05-14,META,658.4086303710938,12348200
2025-05-15,META,642.9509887695312,14341800
2025-05-16,META,639.4161376953125,18519000
2025-05-19,META,639.5059814453125,9592400
2025-05-20,META,636.1807861328125,6743500
2025-05-21,META,634.5831298828125,11464600
2025-05-22,META,635.6515502929688,8228400
2025-05-23,META,626.1552734375,8454100
2025-05-27,META,641.3932495117188,9508400
2025-05-28,META,642.6514282226562,9042900
2025-05-29,META,644.1193237304688,8858800
2025-05-30,META,646.5557861328125,16241000
2025-06-02,META,669.9320678710938,15766300
2025-06-03,META,665.8878173828125,11585000
2025-06-04,META,686.9573974609375,14031900
2025-06-05,META,683.6322021484375,13083100
2025-06-06,META,696.703369140625,11728000
2025-06-09,META,693.05859375,12773200
2025-06-10,META,701.3865966796875,10850100
2025-06-11,META,693.1384887695312,9582500
2025-06-12,META,692.359619140625,7322700
2025-06-13,META,681.884765625,9274400
2025-06-16,META,701.6464233398438,13720300
2025-06-17,META,696.7597045898438,10066100
2025-06-18,META,695.3007202148438,10068300
2025-06-20,META,681.8897094726562,22538600
2025-06-23,META,698.0588989257812,11080100
2025-06-24,META,711.7196655273438,13823200
2025-06-25,META,708.2020263671875,9320400
2025-06-26,META,725.6002807617188,13964800
2025-06-27,META,733.1351928710938,18775700
2025-06-30,META,737.5922241210938,15402100
2025-07-01,META,718.73486328125,13431200
2025-07-02,META,713.0886840820312,9336700
2025-07-03,META,718.5250244140625,8601700
2025-07-07,META,717.865478515625,9457100
2025-07-08,META,720.1838989257812,7770700
2025-07-09,META,732.2857666015625,11418000
2025-07-10,META,726.7494506835938,9913600
2025-07-11,META,717.0260620117188,10873900
2025-07-14,META,720.4337158203125,8939400
2025-07-15,META,709.910888671875,11529500
2025-07-16,META,702.4358520507812,13067600
2025-07-17,META,700.9368896484375,11803300
2025-07-18,META,703.8049926757812,12779800
2025-07-21,META,712.4890747070312,9404400
2025-07-22,META,704.3345947265625,8921100
2025-07-23,META,713.0986938476562,8771600
2025-07-24,META,714.31787109375,10920800
2025-07-25,META,712.1992797851562,8271700
2025-07-28,META,717.14599609375,8715700
2025-07-29,META,699.52783203125,13267000
2025-07-30,META,694.7410888671875,27077300
2025-07-31,META,772.9183349609375,38831100
2025-08-01,META,749.504150390625,19028700
2025-08-04,META,775.8463745117188,15801700
2025-08-05,META,762.945068359375,11640300
2025-08-06,META,771.4692993164062,9733900
2025-08-07,META,761.316162109375,9019700
2025-08-08,META,768.7811279296875,7320800
2025-08-11,META,765.3534545898438,7612000
2025-08-12,META,789.4671630859375,14563100
2025-08-13,META,779.5538940429688,8811800
2025-08-14,META,781.6024780273438,8116200
2025-08-15,META,784.7003784179688,13375400
2025-08-18,META,766.8524169921875,16513700
2025-08-19,META,750.97314453125,12286700
2025-08-20,META,747.2156372070312,11898200
2025-08-21,META,738.6014404296875,8876300
2025-08-22,META,754.2808837890625,10612700
2025-08-25,META,752.7918701171875,6861200
2025-08-26,META,753.5913696289062,7601800
2025-08-27,META,746.8759155273438,8315400
2025-08-28,META,750.6033935546875,7468000
2025-08-29,META,738.2017822265625,9070500
2025-09-02,META,734.6141357421875,9350900
2025-09-03,META,736.5528564453125,7699300
2025-09-04,META,748.1450805664062,11439100
2025-09-05,META,751.9425048828125,9663400
2025-09-08,META,751.7925415039062,13087800
2025-09-09,META,765.1835327148438,10999000
2025-09-10,META,751.4727783203125,12478300
2025-09-11,META,750.3935546875,7923300
2025-09-12,META,755.0803833007812,8248600
2025-09-15,META,764.1842041015625,10533800
2025-09-16,META,778.4745483398438,11782500
2025-09-17,META,775.19677734375,9400900
2025-09-18,META,779.7237548828125,10955000
2025-09-19,META,777.85498046875,23696800
2025-09-22,META,765.1599731445312,11706900
2025-09-23,META,755.4000244140625,10872600
2025-09-24,META,760.6599731445312,8828200
2025-09-25,META,748.9099731445312,10591100
2025-09-26,META,743.75,9696300
2025-09-29,META,743.4000244140625,9246800
2025-09-30,META,734.3800048828125,16226800
2025-10-01,META,717.3400268554688,20419600
2025-10-02,META,727.0499877929688,11415300
2025-10-03,META,710.5599975585938,16154300
2025-10-06,META,715.6599731445312,21654700
2025-10-07,META,713.0800170898438,12062900
2025-10-08,META,717.8400268554688,10790600
2025-10-09,META,733.510009765625,12717200
2025-10-10,META,705.2999877929688,16980100
2025-10-13,META,715.7000122070312,9251800
2025-10-14,META,708.6500244140625,8829800
2025-10-15,META,717.5499877929688,10246800
2025-10-16,META,712.0700073242188,9017000
2025-10-17,META,716.9199829101562,12232400
2025-10-20,META,732.1699829101562,8900200
2025-10-21,META,733.27001953125,7647300
2025-10-22,META,733.4099731445312,8734500
2025-10-23,META,734.0,9856000
2025-10-24,META,738.3599853515625,9151300
2025-10-27,META,750.8200073242188,11321100
2025-10-28,META,751.4400024414062,12193800
2025-10-29,META,751.6699829101562,26818600
2025-10-30,META,666.469970703125,88440100
2025-10-31,META,648.3499755859375,56953200
2024-11-04,BLK,971.501953125,512500
2024-11-05,BLK,993.8909912109375,424800
2024-11-06,BLK,1009.0489501953125,1266900
2024-11-07,BLK,1015.163330078125,528700
2024-11-08,BLK,1018.3182983398438,454500
2024-11-11,BLK,1032.5845947265625,681500
2024-11-12,BLK,1015.4473876953125,489900
2024-11-13,BLK,1010.1857299804688,408800
2024-11-14,BLK,1025.9609375,1048700
2024-11-15,BLK,1026.2452392578125,583400
2024-11-18,BLK,1028.7926025390625,563200
2024-11-19,BLK,1007.37353515625,673500
2024-11-20,BLK,1004.0029907226562,593700
2024-11-21,BLK,1007.2658081054688,473100
2024-11-22,BLK,1015.5550537109375,713000
2024-11-25,BLK,1010.6854248046875,1463700
2024-11-26,BLK,1005.7763671875,772700
2024-11-27,BLK,998.8882446289062,481900
2024-11-29,BLK,1002.170654296875,390000
2024-12-02,BLK,999.534912109375,719600
2024-12-03,BLK,1018.0438842773438,941700
2024-12-04,BLK,1014.1245727539062,1029500
2024-12-05,BLK,1028.7767333984375,880500
2024-12-06,BLK,1026.8958740234375,550300
2024-12-09,BLK,1030.3521728515625,742600
2024-12-10,BLK,1040.8782958984375,645000
2024-12-11,BLK,1048.9429931640625,1139700
2024-12-12,BLK,1042.6014404296875,687100
2024-12-13,BLK,1040.3565673828125,537300
2024-12-16,BLK,1048.34228515625,897800
2024-12-17,BLK,1033.1485595703125,990400
2024-12-18,BLK,1004.6715698242188,864900
2024-12-19,BLK,1000.7623901367188,796300
2024-12-20,BLK,1012.9330444335938,2079800
2024-12-23,BLK,1023.7743530273438,488100
2024-12-24,BLK,1038.672607421875,276600
2024-12-26,BLK,1038.131103515625,292100
2024-12-27,BLK,1028.185791015625,337100
2024-12-30,BLK,1011.6924438476562,591700
2024-12-31,BLK,1009.4078979492188,619400
2025-01-02,BLK,1001.8160400390625,604500
2025-01-03,BLK,1005.1935424804688,469000
2025-01-06,BLK,997.2274169921875,616200
2025-01-07,BLK,965.7372436523438,970500
2025-01-08,BLK,970.9954223632812,778500
2025-01-10,BLK,941.0020751953125,908200
2025-01-13,BLK,940.3817138671875,794100
2025-01-14,BLK,948.4166870117188,1058100
2025-01-15,BLK,997.6605834960938,1140100
2025-01-16,BLK,980.4680786132812,883800
2025-01-17,BLK,989.566650390625,1085800
2025-01-21,BLK,996.58740234375,671600
2025-01-22,BLK,990.9254760742188,570300
2025-01-23,BLK,1002.1409912109375,645300
2025-01-24,BLK,1004.8193359375,731300
2025-01-27,BLK,1014.1638793945312,662500
2025-01-28,BLK,1035.09814453125,1083000
2025-01-29,BLK,1036.4866943359375,808600
2025-01-30,BLK,1055.1070556640625,532100
2025-01-31,BLK,1059.026123046875,957600
2025-02-03,BLK,998.2219848632812,1502200
2025-02-04,BLK,1000.1026611328125,931100
2025-02-05,BLK,998.96044921875,710200
2025-02-06,BLK,991.201171875,688500
2025-02-07,BLK,976.844482421875,731700
2025-02-10,BLK,970.453857421875,683700
2025-02-11,BLK,973.0632934570312,884900
2025-02-12,BLK,958.7952880859375,562900
2025-02-13,BLK,965.2843017578125,480500
2025-02-14,BLK,959.0020751953125,965200
2025-02-18,BLK,962.8816528320312,1048500
2025-02-19,BLK,971.2318725585938,760300
2025-02-20,BLK,974.2252197265625,769700
2025-02-21,BLK,959.2974243164062,1254000
2025-02-24,BLK,938.2055053710938,1141500
2025-02-25,BLK,943.3357543945312,1004000
2025-02-26,BLK,939.16064453125,614300
2025-02-27,BLK,930.4166870117188,675200
2025-02-28,BLK,962.8029174804688,1412300
2025-03-03,BLK,951.6660766601562,767000
2025-03-04,BLK,937.2109985351562,1040000
2025-03-05,BLK,953.3106079101562,837800
2025-03-06,BLK,944.9407958984375,698000
2025-03-07,BLK,937.5054321289062,1180800
2025-03-10,BLK,906.1602783203125,1069500
2025-03-11,BLK,901.31884765625,963100
2025-03-12,BLK,901.011962890625,630200
2025-03-13,BLK,891.5073852539062,656600
2025-03-14,BLK,919.4666137695312,623600
2025-03-17,BLK,948.4752807617188,922300
2025-03-18,BLK,949.089111328125,1086200
2025-03-19,BLK,947.712890625,1086700
2025-03-20,BLK,944.683349609375,667900
2025-03-21,BLK,942.2676391601562,5211600
2025-03-24,BLK,953.920654296875,640000
2025-03-25,BLK,963.8013305664062,566700
2025-03-26,BLK,958.6134643554688,667600
2025-03-27,BLK,958.3164672851562,479100
2025-03-28,BLK,937.2876586914062,568800
2025-03-31,BLK,937.06982421875,1195500
2025-04-01,BLK,934.6937255859375,668600
2025-04-02,BLK,952.2771606445312,490300
2025-04-03,BLK,878.8247680664062,903000
2025-04-04,BLK,814.4412841796875,1615100
2025-04-07,BLK,809.3721923828125,1654100
2025-04-08,BLK,807.60986328125,1812200
2025-04-09,BLK,888.1610107421875,1821500
2025-04-10,BLK,850.2418212890625,1235600
2025-04-11,BLK,870.04296875,963000
2025-04-14,BLK,881.1018676757812,970300
2025-04-15,BLK,879.6068725585938,516200
2025-04-16,BLK,857.1722412109375,591500
2025-04-17,BLK,867.07275390625,1034300
2025-04-21,BLK,845.50927734375,644400
2025-04-22,BLK,878.3989868164062,600700
2025-04-23,BLK,883.6661376953125,553100
2025-04-24,BLK,907.1503295898438,619700
2025-04-25,BLK,898.6654663085938,444400
2025-04-28,BLK,904.6553344726562,685200
2025-04-29,BLK,911.3679809570312,392300
2025-04-30,BLK,905.1702270507812,1028900
2025-05-01,BLK,907.031494140625,451700
2025-05-02,BLK,919.9616088867188,822500
2025-05-05,BLK,911.3778686523438,384100
2025-05-06,BLK,905.8731079101562,482900
2025-05-07,BLK,911.2095336914062,547800
2025-05-08,BLK,919.4072265625,626700
2025-05-09,BLK,914.2589111328125,684800
2025-05-12,BLK,948.5050659179688,807900
2025-05-13,BLK,949.6435546875,604900
2025-05-14,BLK,957.4452514648438,679200
2025-05-15,BLK,973.3059692382812,1156600
2025-05-16,BLK,979.8700561523438,723600
2025-05-19,BLK,983.78076171875,495000
2025-05-20,BLK,987.79052734375,536700
2025-05-21,BLK,963.1578369140625,696000
2025-05-22,BLK,960.2570190429688,364100
2025-05-23,BLK,953.603759765625,517500
2025-05-27,BLK,971.5634765625,843100
2025-05-28,BLK,961.623291015625,367100
2025-05-29,BLK,966.6131591796875,455500
2025-05-30,BLK,970.147705078125,1061000
2025-06-02,BLK,968.3457641601562,425000
2025-06-03,BLK,972.3653564453125,495700
2025-06-04,BLK,979.1373901367188,491700
2025-06-05,BLK,980.8294067382812,479400
2025-06-06,BLK,984.4025268554688,627700
2025-06-09,BLK,984.1935424804688,420000
2025-06-10,BLK,987.2391357421875,478700
2025-06-11,BLK,988.632568359375,645700
2025-06-12,BLK,983.6062622070312,558500
2025-06-13,BLK,967.2534790039062,674300
2025-06-16,BLK,977.4851684570312,522400
2025-06-17,BLK,964.6258544921875,624800
2025-06-18,BLK,974.9172973632812,662600
2025-06-20,BLK,969.8611450195312,859500
2025-06-23,BLK,981.6654052734375,642900
2025-06-24,BLK,1000.2476806640625,699500
2025-06-25,BLK,1013.296142578125,661800
2025-06-26,BLK,1025.9464111328125,631200
2025-06-27,BLK,1042.8963623046875,799900
2025-06-30,BLK,1044.3197021484375,530400
2025-07-01,BLK,1049.3160400390625,472900
2025-07-02,BLK,1065.5394287109375,495000
2025-07-03,BLK,1077.0650634765625,342700
2025-07-07,BLK,1070.9140625,559700
2025-07-08,BLK,1069.9686279296875,502500
2025-07-09,BLK,1083.634033203125,340400
2025-07-10,BLK,1098.8621826171875,467500
2025-07-11,BLK,1096.4635009765625,545400
2025-07-14,BLK,1106.2373046875,661800
2025-07-15,BLK,1041.244140625,1939400
2025-07-16,BLK,1077.1546630859375,1407200
2025-07-17,BLK,1100.1859130859375,1175600
2025-07-18,BLK,1098.404296875,991300
2025-07-21,BLK,1087.884033203125,445700
2025-07-22,BLK,1095.2193603515625,580800
2025-07-23,BLK,1115.10546875,653400
2025-07-24,BLK,1113.1148681640625,539500
2025-07-25,BLK,1118.0018310546875,516300
2025-07-28,BLK,1112.5673828125,299300
2025-07-29,BLK,1116.260009765625,422000
2025-07-30,BLK,1109.412353515625,372400
2025-07-31,BLK,1100.81298828125,498400
2025-08-01,BLK,1086.6697998046875,673200
2025-08-04,BLK,1110.8157958984375,503100
2025-08-05,BLK,1104.4259033203125,481300
2025-08-06,BLK,1115.274658203125,404900
2025-08-07,BLK,1107.600830078125,381400
2025-08-08,BLK,1119.683837890625,427800
2025-08-11,BLK,1122.6300048828125,575600
2025-08-12,BLK,1154.1610107421875,669000
2025-08-13,BLK,1154.5791015625,570800
2025-08-14,BLK,1154.70849609375,407600
2025-08-15,BLK,1129.6766357421875,582200
2025-08-18,BLK,1130.781494140625,405800
2025-08-19,BLK,1123.1673583984375,611700
2025-08-20,BLK,1123.1573486328125,573100
2025-08-21,BLK,1119.46484375,275100
2025-08-22,BLK,1142.77490234375,433700
2025-08-25,BLK,1131.7568359375,415000
2025-08-26,BLK,1134.4442138671875,580200
2025-08-27,BLK,1126.3125,310000
2025-08-28,BLK,1125.16796875,475200
2025-08-29,BLK,1121.8436279296875,356100
2025-09-02,BLK,1109.53173828125,391300
2025-09-03,BLK,1094.3236083984375,412900
2025-09-04,BLK,1103.550048828125,460000
2025-09-05,BLK,1099.1500244140625,487600
2025-09-08,BLK,1104.9200439453125,671000
2025-09-09,BLK,1105.6700439453125,334200
2025-09-10,BLK,1102.8900146484375,367400
2025-09-11,BLK,1134.1800537109375,585100
2025-09-12,BLK,1123.4100341796875,544800
2025-09-15,BLK,1115.1099853515625,506800
2025-09-16,BLK,1118.8900146484375,547500
2025-09-17,BLK,1131.780029296875,508000
2025-09-18,BLK,1137.1300048828125,523900
2025-09-19,BLK,1142.8499755859375,1505500
2025-09-22,BLK,1136.2099609375,366000
2025-09-23,BLK,1131.75,427100
2025-09-24,BLK,1127.97998046875,345400
2025-09-25,BLK,1147.2900390625,680300
2025-09-26,BLK,1156.449951171875,435500
2025-09-29,BLK,1175.56005859375,567500
2025-09-30,BLK,1165.8699951171875,691600
2025-10-01,BLK,1141.0699462890625,604300
2025-10-02,BLK,1160.5400390625,615800
2025-10-03,BLK,1160.68994140625,377200
2025-10-06,BLK,1179.27001953125,772600
2025-10-07,BLK,1166.22998046875,531300
2025-10-08,BLK,1165.0,393500
2025-10-09,BLK,1167.4300537109375,478000
2025-10-10,BLK,1132.3599853515625,643500
2025-10-13,BLK,1155.1199951171875,742400
2025-10-14,BLK,1194.260009765625,1146400
2025-10-15,BLK,1202.5899658203125,1003700
2025-10-16,BLK,1171.3599853515625,1250200
2025-10-17,BLK,1161.1600341796875,777500
2025-10-20,BLK,1160.0,678800
2025-10-21,BLK,1130.0,1052000
2025-10-22,BLK,1129.6800537109375,618600
2025-10-23,BLK,1125.0,371600
2025-10-24,BLK,1136.6300048828125,560700
2025-10-27,BLK,1131.31005859375,726100
2025-10-28,BLK,1124.949951171875,390000
2025-10-29,BLK,1098.0,861700
2025-10-30,BLK,1098.050048828125,631700
2025-10-31,BLK,1082.81005859375,895300
2024-11-04,SHOP,78.44000244140625,3584500
2024-11-05,SHOP,79.56999969482422,4652300
2024-11-06,SHOP,81.91999816894531,5169800
2024-11-07,SHOP,85.55000305175781,6623700
2024-11-08,SHOP,87.12000274658203,7439000
2024-11-11,SHOP,89.98999786376953,20014100
2024-11-12,SHOP,108.91999816894531,63946200
2024-11-13,SHOP,115.08999633789062,20642000
2024-11-14,SHOP,109.08000183105469,13147900
2024-11-15,SHOP,108.48999786376953,10764200
2024-11-18,SHOP,105.87999725341797,6685600
2024-11-19,SHOP,104.58999633789062,9038100
2024-11-20,SHOP,103.94000244140625,7632600
2024-11-21,SHOP,106.4800033569336,10624700
2024-11-22,SHOP,106.95999908447266,7059900
2024-11-25,SHOP,111.0,10139300
2024-11-26,SHOP,112.08000183105469,8029000
2024-11-27,SHOP,112.54000091552734,4665600
2024-11-29,SHOP,115.5999984741211,6178300
2024-12-02,SHOP,112.9800033569336,9839600
2024-12-03,SHOP,111.86000061035156,8263400
2024-12-04,SHOP,113.43000030517578,7736700
2024-12-05,SHOP,114.08999633789062,5291000
2024-12-06,SHOP,118.37000274658203,10136400
2024-12-09,SHOP,115.29000091552734,6325700
2024-12-10,SHOP,113.44999694824219,5139800
2024-12-11,SHOP,117.37000274658203,6459000
2024-12-12,SHOP,115.30999755859375,6059300
2024-12-13,SHOP,114.62999725341797,4667200
2024-12-16,SHOP,115.94000244140625,5178900
2024-12-17,SHOP,119.48999786376953,8038100
2024-12-18,SHOP,109.69999694824219,8810400
2024-12-19,SHOP,107.06999969482422,10550200
2024-12-20,SHOP,108.94999694824219,6709500
2024-12-23,SHOP,109.25,4097200
2024-12-24,SHOP,110.18000030517578,1848500
2024-12-26,SHOP,109.95999908447266,2222300
2024-12-27,SHOP,108.18000030517578,3966400
2024-12-30,SHOP,106.69000244140625,4096800
2024-12-31,SHOP,106.33000183105469,3768700
2025-01-02,SHOP,107.52999877929688,4433700
2025-01-03,SHOP,109.25,2957900
2025-01-06,SHOP,114.23999786376953,7073800
2025-01-07,SHOP,106.77999877929688,6152200
2025-01-08,SHOP,107.63999938964844,5185500
2025-01-10,SHOP,103.70999908447266,8971700
2025-01-13,SHOP,101.76000213623047,8081400
2025-01-14,SHOP,101.61000061035156,5096700
2025-01-15,SHOP,104.23999786376953,6234900
2025-01-16,SHOP,103.5,4105900
2025-01-17,SHOP,103.3499984741211,5583600
2025-01-21,SHOP,106.27999877929688,5068900
2025-01-22,SHOP,106.37000274658203,3426800
2025-01-23,SHOP,106.0999984741211,4358500
2025-01-24,SHOP,107.68000030517578,5950500
2025-01-27,SHOP,107.37999725341797,5333100
2025-01-28,SHOP,117.44999694824219,13963900
2025-01-29,SHOP,116.58999633789062,9269300
2025-01-30,SHOP,119.18000030517578,6284700
2025-01-31,SHOP,116.80000305175781,7751000
2025-02-03,SHOP,114.38999938964844,8572400
2025-02-04,SHOP,119.19999694824219,7362300
2025-02-05,SHOP,121.7300033569336,6058900
2025-02-06,SHOP,118.58000183105469,7207100
2025-02-07,SHOP,117.41000366210938,5835800
2025-02-10,SHOP,119.9000015258789,13060700
2025-02-11,SHOP,123.58999633789062,34842700
2025-02-12,SHOP,120.48999786376953,13307400
2025-02-13,SHOP,127.6500015258789,10940300
2025-02-14,SHOP,128.35000610351562,8511300
2025-02-18,SHOP,129.30999755859375,7251900
2025-02-19,SHOP,127.66000366210938,7766900
2025-02-20,SHOP,123.47000122070312,8855900
2025-02-21,SHOP,115.55999755859375,10064100
2025-02-24,SHOP,115.4800033569336,8545000
2025-02-25,SHOP,110.94999694824219,9977700
2025-02-26,SHOP,113.2300033569336,4905900
2025-02-27,SHOP,110.83000183105469,5790100
2025-02-28,SHOP,112.0,6271700
2025-03-03,SHOP,106.58000183105469,7795200
2025-03-04,SHOP,101.7300033569336,13995300
2025-03-05,SHOP,106.1500015258789,8409400
2025-03-06,SHOP,102.48999786376953,12036200
2025-03-07,SHOP,100.12999725341797,13894500
2025-03-10,SHOP,92.75,16385300
2025-03-11,SHOP,92.94999694824219,12127100
2025-03-12,SHOP,96.52999877929688,8531900
2025-03-13,SHOP,90.58999633789062,11076400
2025-03-14,SHOP,94.8499984741211,7065100
2025-03-17,SHOP,96.58999633789062,5771600
2025-03-18,SHOP,94.01000213623047,5372000
2025-03-19,SHOP,101.54000091552734,17808900
2025-03-20,SHOP,101.8499984741211,8604000
2025-03-21,SHOP,104.20999908447266,8696400
2025-03-24,SHOP,109.27999877929688,10099200
2025-03-25,SHOP,109.81999969482422,5752900
2025-03-26,SHOP,104.27999877929688,7271700
2025-03-27,SHOP,102.5199966430664,7639500
2025-03-28,SHOP,96.68000030517578,13202800
2025-03-31,SHOP,95.4800033569336,15801900
2025-04-01,SHOP,97.63999938964844,10309400
2025-04-02,SHOP,100.6500015258789,7892000
2025-04-03,SHOP,82.29000091552734,28920200
2025-04-04,SHOP,76.88999938964844,29707500
2025-04-07,SHOP,78.81999969482422,22525900
2025-04-08,SHOP,77.08999633789062,18606200
2025-04-09,SHOP,91.4000015258789,26917500
2025-04-10,SHOP,84.62999725341797,16133700
2025-04-11,SHOP,83.70999908447266,18099200
2025-04-14,SHOP,82.7699966430664,10460400
2025-04-15,SHOP,83.91000366210938,6986400
2025-04-16,SHOP,83.95999908447266,8811900
2025-04-17,SHOP,83.6500015258789,11592900
2025-04-21,SHOP,81.63999938964844,8153000
2025-04-22,SHOP,85.70999908447266,8664000
2025-04-23,SHOP,90.95999908447266,14029000
2025-04-24,SHOP,95.12000274658203,7847300
2025-04-25,SHOP,97.12000274658203,7824800
2025-04-28,SHOP,98.56999969482422,5892900
2025-04-29,SHOP,98.91999816894531,6797200
2025-04-30,SHOP,95.0,13233200
2025-05-01,SHOP,97.01000213623047,8288000
2025-05-02,SHOP,99.25,11140800
2025-05-05,SHOP,98.37999725341797,7652400
2025-05-06,SHOP,93.83000183105469,13082100
2025-05-07,SHOP,94.5,14723900
2025-05-08,SHOP,94.0,36455400
2025-05-09,SHOP,91.7699966430664,15360700
2025-05-12,SHOP,104.33999633789062,30713700
2025-05-13,SHOP,107.68000030517578,14517900
2025-05-14,SHOP,111.44999694824219,16384000
2025-05-15,SHOP,110.20999908447266,13577300
2025-05-16,SHOP,110.75,96081400
2025-05-19,SHOP,109.0999984741211,9809700
2025-05-20,SHOP,106.43000030517578,8294500
2025-05-21,SHOP,102.31999969482422,9251300
2025-05-22,SHOP,103.29000091552734,6216400
2025-05-23,SHOP,101.51000213623047,5999500
2025-05-27,SHOP,106.73999786376953,7556600
2025-05-28,SHOP,107.11000061035156,6823400
2025-05-29,SHOP,107.69999694824219,6636000
2025-05-30,SHOP,107.22000122070312,12183300
2025-06-02,SHOP,106.54000091552734,5341400
2025-06-03,SHOP,105.11000061035156,7236200
2025-06-04,SHOP,103.58000183105469,7465100
2025-06-05,SHOP,105.02999877929688,11085300
2025-06-06,SHOP,111.41000366210938,8736300
2025-06-09,SHOP,107.80000305175781,7738800
2025-06-10,SHOP,110.26000213623047,6548500
2025-06-11,SHOP,114.12999725341797,14078100
2025-06-12,SHOP,109.20999908447266,8669300
2025-06-13,SHOP,105.33999633789062,7979400
2025-06-16,SHOP,108.37000274658203,7266600
2025-06-17,SHOP,106.52999877929688,4910900
2025-06-18,SHOP,105.97000122070312,5960400
2025-06-20,SHOP,106.4000015258789,10354900
2025-06-23,SHOP,109.9800033569336,8834000
2025-06-24,SHOP,114.41999816894531,8907500
2025-06-25,SHOP,113.88999938964844,9134700
2025-06-26,SHOP,113.06999969482422,11368200
2025-06-27,SHOP,113.6500015258789,6377900
2025-06-30,SHOP,115.3499984741211,7107500
2025-07-01,SHOP,112.66999816894531,5537900
2025-07-02,SHOP,114.7699966430664,6726100
2025-07-03,SHOP,116.5199966430664,3773600
2025-07-07,SHOP,116.66000366210938,5420500
2025-07-08,SHOP,112.4800033569336,7718000
2025-07-09,SHOP,114.31999969482422,6125800
2025-07-10,SHOP,115.16000366210938,6836200
2025-07-11,SHOP,112.11000061035156,5582800
2025-07-14,SHOP,116.73999786376953,10225400
2025-07-15,SHOP,115.05000305175781,5440500
2025-07-16,SHOP,120.0,12714100
2025-07-17,SHOP,126.75,13380600
2025-07-18,SHOP,127.06999969482422,8473600
2025-07-21,SHOP,128.42999267578125,6419800
2025-07-22,SHOP,123.70999908447266,9045400
2025-07-23,SHOP,122.20999908447266,8523600
2025-07-24,SHOP,122.08000183105469,4313100
2025-07-25,SHOP,124.43000030517578,6935300
2025-07-28,SHOP,126.83999633789062,5335800
2025-07-29,SHOP,124.8499984741211,5911800
2025-07-30,SHOP,123.01000213623047,6702700
2025-07-31,SHOP,122.20999908447266,8493500
2025-08-01,SHOP,118.5999984741211,9886700
2025-08-04,SHOP,125.20999908447266,6881700
2025-08-05,SHOP,127.0,9223300
2025-08-06,SHOP,154.89999389648438,38572100
2025-08-07,SHOP,151.07000732421875,15934800
2025-08-08,SHOP,149.61000061035156,9571000
2025-08-11,SHOP,147.5,10131000
2025-08-12,SHOP,149.3000030517578,7173100
2025-08-13,SHOP,150.08999633789062,6660700
2025-08-14,SHOP,144.27000427246094,9499700
2025-08-15,SHOP,141.47000122070312,7198800
2025-08-18,SHOP,143.11000061035156,4435700
2025-08-19,SHOP,139.25,6339500
2025-08-20,SHOP,137.2899932861328,7256000
2025-08-21,SHOP,136.67999267578125,4420400
2025-08-22,SHOP,142.11000061035156,7649800
2025-08-25,SHOP,140.52999877929688,4945000
2025-08-26,SHOP,140.85000610351562,4409000
2025-08-27,SHOP,139.88999938964844,5272200
2025-08-28,SHOP,141.5399932861328,6339600
2025-08-29,SHOP,141.27999877929688,4617000
2025-09-02,SHOP,139.0399932861328,5082300
2025-09-03,SHOP,140.22000122070312,3531500
2025-09-04,SHOP,145.14999389648438,6538700
2025-09-05,SHOP,146.82000732421875,5727700
2025-09-08,SHOP,146.22000122070312,5782100
2025-09-09,SHOP,143.44000244140625,5748600
2025-09-10,SHOP,142.1999969482422,7362100
2025-09-11,SHOP,145.02999877929688,6051900
2025-09-12,SHOP,143.3800048828125,4911600
2025-09-15,SHOP,147.88999938964844,6714600
2025-09-16,SHOP,147.2100067138672,5453800
2025-09-17,SHOP,147.8699951171875,4291200
2025-09-18,SHOP,152.11000061035156,6485800
2025-09-19,SHOP,153.3000030517578,8812900
2025-09-22,SHOP,157.1199951171875,7020700
2025-09-23,SHOP,149.94000244140625,7376000
2025-09-24,SHOP,148.8300018310547,5559500
2025-09-25,SHOP,143.4499969482422,8511200
2025-09-26,SHOP,140.25,7259500
2025-09-29,SHOP,149.0,14702700
2025-09-30,SHOP,148.61000061035156,9254600
2025-10-01,SHOP,149.57000732421875,6733300
2025-10-02,SHOP,151.3000030517578,7272300
2025-10-03,SHOP,161.13999938964844,15740200
2025-10-06,SHOP,164.5,11317600
2025-10-07,SHOP,161.27999877929688,6971900
2025-10-08,SHOP,166.42999267578125,7366600
2025-10-09,SHOP,163.8699951171875,7050500
2025-10-10,SHOP,151.02000427246094,12431500
2025-10-13,SHOP,153.66000366210938,7986400
2025-10-14,SHOP,152.8800048828125,8698200
2025-10-15,SHOP,156.2100067138672,6010000
2025-10-16,SHOP,156.57000732421875,8937700
2025-10-17,SHOP,157.75999450683594,7595100
2025-10-20,SHOP,164.7100067138672,6266200
2025-10-21,SHOP,162.63999938964844,6138500
2025-10-22,SHOP,162.00999450683594,6207000
2025-10-23,SHOP,167.02999877929688,6171500
2025-10-24,SHOP,172.9499969482422,8382300
2025-10-27,SHOP,175.05999755859375,9929500
2025-10-28,SHOP,178.9600067138672,7167800
2025-10-29,SHOP,179.00999450683594,10790100
2025-10-30,SHOP,173.61000061035156,9394500
2025-10-31,SHOP,173.86000061035156,10953300
2024-11-04,PYPL,78.12999725341797,10257000
2024-11-05,PYPL,79.25,6573900
2024-11-06,PYPL,81.41000366210938,11546500
2024-11-07,PYPL,81.3499984741211,7994300
2024-11-08,PYPL,83.01000213623047,8144200
2024-11-11,PYPL,86.94000244140625,15459400
2024-11-12,PYPL,86.4000015258789,10036900
2024-11-13,PYPL,87.30999755859375,9256600
2024-11-14,PYPL,85.79000091552734,8468300
2024-11-15,PYPL,85.83000183105469,8083200
2024-11-18,PYPL,84.66999816894531,10148100
2024-11-19,PYPL,84.08999633789062,12442700
2024-11-20,PYPL,84.73999786376953,6076300
2024-11-21,PYPL,84.81999969482422,7250100
2024-11-22,PYPL,86.7699966430664,6786000
2024-11-25,PYPL,87.7699966430664,12998300
2024-11-26,PYPL,86.94000244140625,5610400
2024-11-27,PYPL,86.56999969482422,5477900
2024-11-29,PYPL,86.7699966430664,4469700
2024-12-02,PYPL,86.52999877929688,7273500
2024-12-03,PYPL,85.13999938964844,8189800
2024-12-04,PYPL,89.33000183105469,15536000
2024-12-05,PYPL,89.04499816894531,9025600
2024-12-06,PYPL,89.87999725341797,6955500
2024-12-09,PYPL,90.0,10714200
2024-12-10,PYPL,88.76000213623047,6697500
2024-12-11,PYPL,90.75,6657200
2024-12-12,PYPL,89.4000015258789,4711100
2024-12-13,PYPL,91.0199966430664,8358100
2024-12-16,PYPL,91.30000305175781,7402500
2024-12-17,PYPL,90.86000061035156,8395600
2024-12-18,PYPL,85.44999694824219,12583700
2024-12-19,PYPL,86.77999877929688,9522400
2024-12-20,PYPL,87.12999725341797,22052700
2024-12-23,PYPL,86.9000015258789,5633100
2024-12-24,PYPL,88.25,3276300
2024-12-26,PYPL,88.13999938964844,4800600
2024-12-27,PYPL,86.86000061035156,5125000
2024-12-30,PYPL,85.43000030517578,5855000
2024-12-31,PYPL,85.3499984741211,4533200
2025-01-02,PYPL,86.18000030517578,6224500
2025-01-03,PYPL,87.5999984741211,6132500
2025-01-06,PYPL,89.52999877929688,7869200
2025-01-07,PYPL,87.97000122070312,6080800
2025-01-08,PYPL,87.94000244140625,7400000
2025-01-10,PYPL,83.36000061035156,11341200
2025-01-13,PYPL,83.98999786376953,7402400
2025-01-14,PYPL,87.18000030517578,8958400
2025-01-15,PYPL,89.63999938964844,10024100
2025-01-16,PYPL,88.91999816894531,5816400
2025-01-17,PYPL,91.80999755859375,16499700
2025-01-21,PYPL,89.7699966430664,12629300
2025-01-22,PYPL,89.8499984741211,7345700
2025-01-23,PYPL,89.7300033569336,7540600
2025-01-24,PYPL,89.11000061035156,6004700
2025-01-27,PYPL,90.23999786376953,6923800
2025-01-28,PYPL,88.19000244140625,8666000
2025-01-29,PYPL,88.76000213623047,5234500
2025-01-30,PYPL,89.56999969482422,7708500
2025-01-31,PYPL,88.58000183105469,8331400
2025-02-03,PYPL,89.51000213623047,11215000
2025-02-04,PYPL,77.7249984741211,58801900
2025-02-05,PYPL,79.19999694824219,23631900
2025-02-06,PYPL,78.56999969482422,14440500
2025-02-07,PYPL,77.30999755859375,13597300
2025-02-10,PYPL,78.23999786376953,11815600
2025-02-11,PYPL,76.20999908447266,15769400
2025-02-12,PYPL,76.2699966430664,11782500
2025-02-13,PYPL,76.58999633789062,9958600
2025-02-14,PYPL,77.97000122070312,10504600
2025-02-18,PYPL,78.62000274658203,11281200
2025-02-19,PYPL,78.36000061035156,9082300
2025-02-20,PYPL,77.62999725341797,9319300
2025-02-21,PYPL,74.94999694824219,15171700
2025-02-24,PYPL,75.25,12873300
2025-02-25,PYPL,74.06999969482422,20647200
2025-02-26,PYPL,72.05000305175781,15277600
2025-02-27,PYPL,70.7300033569336,11661200
2025-02-28,PYPL,71.05000305175781,13601300
2025-03-03,PYPL,69.75,15753700
2025-03-04,PYPL,67.4800033569336,20180000
2025-03-05,PYPL,69.5,14464300
2025-03-06,PYPL,68.08000183105469,11226900
2025-03-07,PYPL,70.4800033569336,16388300
2025-03-10,PYPL,68.16000366210938,15035200
2025-03-11,PYPL,67.9800033569336,12133100
2025-03-12,PYPL,68.62000274658203,11545800
2025-03-13,PYPL,66.91000366210938,9778300
2025-03-14,PYPL,68.94999694824219,9828700
2025-03-17,PYPL,69.6500015258789,7971200
2025-03-18,PYPL,68.87999725341797,7520800
2025-03-19,PYPL,70.0,6876400
2025-03-20,PYPL,69.66999816894531,7453600
2025-03-21,PYPL,70.19000244140625,14603800
2025-03-24,PYPL,70.97000122070312,9911000
2025-03-25,PYPL,70.86000061035156,6690600
2025-03-26,PYPL,69.97000122070312,7449600
2025-03-27,PYPL,68.86000061035156,7883100
2025-03-28,PYPL,65.1500015258789,16536300
2025-03-31,PYPL,65.25,11562000
2025-04-01,PYPL,66.0999984741211,8000600
2025-04-02,PYPL,67.1500015258789,8123000
2025-04-03,PYPL,61.709999084472656,18479900
2025-04-04,PYPL,58.369998931884766,22125000
2025-04-07,PYPL,58.529998779296875,20263200
2025-04-08,PYPL,57.40999984741211,16533600
2025-04-09,PYPL,63.95000076293945,22502000
2025-04-10,PYPL,60.560001373291016,14398100
2025-04-11,PYPL,62.59000015258789,12919400
2025-04-14,PYPL,62.27000045776367,8997500
2025-04-15,PYPL,62.0,9140800
2025-04-16,PYPL,60.2400016784668,9833600
2025-04-17,PYPL,61.0,9023700
2025-04-21,PYPL,60.28499984741211,7354100
2025-04-22,PYPL,61.41999816894531,9390100
2025-04-23,PYPL,62.459999084472656,9838900
2025-04-24,PYPL,64.7699966430664,10877000
2025-04-25,PYPL,65.33999633789062,8693400
2025-04-28,PYPL,64.93000030517578,14251500
2025-04-29,PYPL,66.31999969482422,19706800
2025-04-30,PYPL,65.83999633789062,10293800
2025-05-01,PYPL,65.41000366210938,10073000
2025-05-02,PYPL,67.23999786376953,10081500
2025-05-05,PYPL,68.54000091552734,12000300
2025-05-06,PYPL,68.05000305175781,7659400
2025-05-07,PYPL,68.69000244140625,8103700
2025-05-08,PYPL,70.4800033569336,11791500
2025-05-09,PYPL,70.26000213623047,7470500
2025-05-12,PYPL,72.30999755859375,12513000
2025-05-13,PYPL,72.29000091552734,8076200
2025-05-14,PYPL,72.68000030517578,7724000
2025-05-15,PYPL,71.56999969482422,8116500
2025-05-16,PYPL,72.18000030517578,8717900
2025-05-19,PYPL,72.31999969482422,7434900
2025-05-20,PYPL,72.61000061035156,8403200
2025-05-21,PYPL,71.6500015258789,8094300
2025-05-22,PYPL,71.44999694824219,6451000
2025-05-23,PYPL,69.8499984741211,7683600
2025-05-27,PYPL,71.4800033569336,8770900
2025-05-28,PYPL,71.44000244140625,6292100
2025-05-29,PYPL,70.93000030517578,7058300
2025-05-30,PYPL,70.27999877929688,14937200
2025-06-02,PYPL,70.93000030517578,7518200
2025-06-03,PYPL,71.33000183105469,7316400
2025-06-04,PYPL,72.80000305175781,7712300
2025-06-05,PYPL,72.47000122070312,6323600
2025-06-06,PYPL,73.43000030517578,7240200
2025-06-09,PYPL,73.55000305175781,6166500
2025-06-10,PYPL,74.76000213623047,9510700
2025-06-11,PYPL,74.61000061035156,7706100
2025-06-12,PYPL,74.80999755859375,8644600
2025-06-13,PYPL,70.83000183105469,16744400
2025-06-16,PYPL,72.26000213623047,7195500
2025-06-17,PYPL,70.66999816894531,7374300
2025-06-18,PYPL,68.56999969482422,20427700
2025-06-20,PYPL,70.05000305175781,18497900
2025-06-23,PYPL,72.01000213623047,11447900
2025-06-24,PYPL,73.58000183105469,9500900
2025-06-25,PYPL,73.06999969482422,7851900
2025-06-26,PYPL,73.16999816894531,10235600
2025-06-27,PYPL,73.63999938964844,10449500
2025-06-30,PYPL,74.31999969482422,7738000
2025-07-01,PYPL,75.29000091552734,8633800
2025-07-02,PYPL,76.30999755859375,9361500
2025-07-03,PYPL,76.58999633789062,5263400
2025-07-07,PYPL,76.18000030517578,5918600
2025-07-08,PYPL,75.02999877929688,8758400
2025-07-09,PYPL,74.83000183105469,6755700
2025-07-10,PYPL,75.69999694824219,6380200
2025-07-11,PYPL,71.36000061035156,21877700
2025-07-14,PYPL,73.88999938964844,12993900
2025-07-15,PYPL,72.95999908447266,7333600
2025-07-16,PYPL,72.97000122070312,9671100
2025-07-17,PYPL,73.86000061035156,8522700
2025-07-18,PYPL,74.16999816894531,9011600
2025-07-21,PYPL,74.81999969482422,8200400
2025-07-22,PYPL,76.0,9094400
2025-07-23,PYPL,76.66000366210938,9283200
2025-07-24,PYPL,77.81999969482422,10504300
2025-07-25,PYPL,77.9800033569336,6888100
2025-07-28,PYPL,78.22000122070312,15978400
2025-07-29,PYPL,71.44999694824219,42890700
2025-07-30,PYPL,69.70999908447266,20790400
2025-07-31,PYPL,68.76000213623047,16657600
2025-08-01,PYPL,67.11000061035156,15181100
2025-08-04,PYPL,68.01000213623047,11756800
2025-08-05,PYPL,67.83000183105469,10714700
2025-08-06,PYPL,69.41999816894531,11913000
2025-08-07,PYPL,68.22000122070312,10129300
2025-08-08,PYPL,67.6500015258789,9683400
2025-08-11,PYPL,67.08000183105469,10118600
2025-08-12,PYPL,67.97000122070312,9747500
2025-08-13,PYPL,70.62999725341797,12344700
2025-08-14,PYPL,69.37999725341797,10695400
2025-08-15,PYPL,69.2300033569336,8128000
2025-08-18,PYPL,69.52999877929688,8410200
2025-08-19,PYPL,69.05000305175781,9052800
2025-08-20,PYPL,68.08000183105469,9992300
2025-08-21,PYPL,67.55000305175781,7039500
2025-08-22,PYPL,69.9000015258789,9394100
2025-08-25,PYPL,69.4800033569336,6460300
2025-08-26,PYPL,70.18000030517578,9471500
2025-08-27,PYPL,69.6500015258789,8648200
2025-08-28,PYPL,70.05999755859375,5882000
2025-08-29,PYPL,70.19000244140625,5636300
2025-09-02,PYPL,69.25,12882500
2025-09-03,PYPL,69.63999938964844,11808200
2025-09-04,PYPL,68.45999908447266,14063500
2025-09-05,PYPL,68.26000213623047,7794300
2025-09-08,PYPL,68.4000015258789,7954900
2025-09-09,PYPL,67.68000030517578,8776500
2025-09-10,PYPL,65.63999938964844,14352500
2025-09-11,PYPL,67.2699966430664,11154400
2025-09-12,PYPL,66.88999938964844,7505600
2025-09-15,PYPL,67.11000061035156,9597900
2025-09-16,PYPL,66.8499984741211,9353900
2025-09-17,PYPL,68.62000274658203,18607800
2025-09-18,PYPL,68.5199966430664,14330500
2025-09-19,PYPL,68.22000122070312,19774200
2025-09-22,PYPL,67.68000030517578,13298200
2025-09-23,PYPL,67.30999755859375,10449000
2025-09-24,PYPL,67.86000061035156,9180600
2025-09-25,PYPL,66.73999786376953,10773700
2025-09-26,PYPL,67.30000305175781,8431600
2025-09-29,PYPL,69.68000030517578,28497000
2025-09-30,PYPL,67.05999755859375,21464800
2025-10-01,PYPL,66.66000366210938,17050100
2025-10-02,PYPL,68.93000030517578,13461600
2025-10-03,PYPL,69.25,12219800
2025-10-06,PYPL,71.29000091552734,16769900
2025-10-07,PYPL,74.61000061035156,31977500
2025-10-08,PYPL,76.12999725341797,17904800
2025-10-09,PYPL,75.75,15774400
2025-10-10,PYPL,69.83999633789062,22326500
2025-10-13,PYPL,68.86000061035156,20036800
2025-10-14,PYPL,69.1500015258789,12968500
2025-10-15,PYPL,67.9800033569336,11247300
2025-10-16,PYPL,66.05000305175781,19258500
2025-10-17,PYPL,67.41000366210938,11151500
2025-10-20,PYPL,69.19999694824219,10016100
2025-10-21,PYPL,70.05000305175781,9032000
2025-10-22,PYPL,68.06999969482422,8173400
2025-10-23,PYPL,69.66000366210938,8199000
2025-10-24,PYPL,69.7699966430664,8638200
2025-10-27,PYPL,70.25,18821300
2025-10-28,PYPL,73.0199966430664,83722300
2025-10-29,PYPL,69.68000030517578,38505400
2025-10-30,PYPL,67.93000030517578,19550800
2025-10-31,PYPL,69.2699966430664,18370100
